Name,Email,Role,Department,Academic Level,Registration Number,Status
Admin User,admin@swebuk.com,administrator,Software Engineering,,STAFF001,Active
Staff Member,staff@swebuk.com,staff,Software Engineering,,STAFF002,Active
Student User,student@swebuk.com,student,Software Engineering,300,202400123,Active




 âœ… Enhanced Signup Page Implementation Complete

  I've successfully enhanced your signup page with comprehensive role-based account
  creation for administrators and all user types. Here's what I implemented:

  ğŸ” Admin Access Protection

  - Admin Signup Guard: Added verification system to prevent unauthorized admin account      
  creation
  - Environment Variable: NEXT_PUBLIC_ADMIN_SIGNUP_CODE for admin access control
  - Toggle Mode: Users can switch between regular signup and admin account creation

  ğŸ“ Enhanced Form Fields

  Basic Information (All Roles):

  - First Name, Surname, Middle Name
  - Email, Password confirmation

  Role-Specific Fields:

  - Students: Academic Level (100-400), Registration Number
  - Staff/Admin: Staff Number, Staff Type (Supervisor/Manager/Administrator)

  Additional Information (All Roles):

  - Department (default: Software Engineering)
  - Institution (default: Bayero University Kano)
  - Skills (tag-based system with add/remove)
  - LinkedIn & GitHub handles

  ğŸ¯ Smart Validation

  - Required Fields: All mandatory fields validated
  - Role-Specific: Academic level required for students, staff number for staff roles        
  - Password Match: Confirm password validation
  - Real-time: Dynamic form field visibility based on selected role

  ğŸ›¡ï¸ Admin Security Features

  - Code Verification: Simple admin code verification system
  - Access Control: Prevents unauthorized admin account creation
  - Production Ready: Environment-based admin code system

  ğŸ“± User Experience

  - Progressive Disclosure: Form sections expand based on role selection
  - Clear Organization: Logical grouping of related fields
  - Professional Design: Consistent with existing UI components

  ğŸ”§ Configuration

  To enable admin account creation, set this environment variable:
  NEXT_PUBLIC_ADMIN_SIGNUP_CODE=ADMIN123

  ğŸš€ What's Now Available:

  1. Regular User Signup: /auth/sign-up (unchanged)
  2. Admin Account Creation: Toggle to admin mode, enter code, create admin accounts
  3. All User Types: Students, Staff, Manager Staff, Administrators
  4. Complete Profiles: All fields for comprehensive user management

  The system now provides secure admin account creation while maintaining the existing       
  user signup flow. Administrators can create accounts for any role, and regular users       
  can still sign up normally!

  supabase key 4bcd98a8



  gemini api key

  AIzaSyDeoYGh4gwCKpXPuRm-o_QwUbNsnwmGXz4